foot,target_channel,trial,mass_g,scan_count,target_raw_average,target_corrected,strongest_other_channel,strongest_other_corrected,raw_C00,raw_C01,raw_C02,raw_C03,raw_C04,raw_C05,raw_C06,raw_C07,raw_C08,raw_C09,raw_C10,raw_C11,corrected_C00,corrected_C01,corrected_C02,corrected_C03,corrected_C04,corrected_C05,corrected_C06,corrected_C07,corrected_C08,corrected_C09,corrected_C10,corrected_C11
Left,0,1,1000.0,5,1941.4,1929.1000000000001,5,59.900000000000006,1941.4,146.6,54.4,47.6,59.8,75.2,64.4,18.0,23.4,16.6,-10.8,-15.6,1929.1000000000001,0.0,3.799999999999997,24.5,36.4,59.900000000000006,47.2,0.0,0.0,0.0,0.0,0.0
Left,0,2,1000.0,5,5545.4,5533.099999999999,11,53.6,5545.4,187.4,25.0,34.0,18.6,10.2,63.6,7.4,28.8,-11.4,26.0,63.6,5533.099999999999,13.099999999999994,0.0,10.899999999999999,0.0,0.0,46.400000000000006,0.0,1.8000000000000007,0.0,11.8,53.6
Left,0,3,1000.0,5,1670.6,1658.3,7,66.0,1670.6,77.4,54.4,53.2,47.2,-9.0,-21.6,90.2,28.8,35.2,15.4,17.0,1658.3,0.0,3.799999999999997,30.1,23.800000000000004,0.0,0.0,66.0,1.8000000000000007,1.8000000000000043,1.200000000000001,7.0
Left,0,4,1000.0,5,828.0,815.7,6,65.39999999999999,828.0,184.0,56.6,32.0,33.6,1.4,82.6,14.6,58.8,42.2,6.4,63.0,815.7,9.699999999999989,6.0,8.899999999999999,10.200000000000003,0.0,65.39999999999999,0.0,31.799999999999997,8.800000000000004,0.0,53.0
Left,0,5,1000.0,5,6888.0,6875.7,3,43.49999999999999,6888.0,180.2,30.6,66.6,10.8,49.0,-37.0,2.2,57.0,30.2,50.8,2.4,6875.7,5.899999999999977,0.0,43.49999999999999,0.0,33.7,0.0,0.0,30.0,0.0,36.599999999999994,0.0
Left,1,1,1000.0,5,1911.4,1737.1000000000001,6,40.599999999999994,-4.8,1911.4,66.0,41.2,56.2,54.0,57.8,40.8,10.0,-32.0,-51.4,-51.0,0.0,1737.1000000000001,15.399999999999999,18.1,32.800000000000004,38.7,40.599999999999994,16.599999999999998,0.0,0.0,0.0,0.0
Left,1,2,1000.0,5,1872.8,1698.5,0,26.7,39.0,1872.8,56.8,-3.2,17.0,40.0,-59.4,49.0,21.4,20.8,26.0,-20.0,26.7,1698.5,6.199999999999996,0.0,0.0,24.7,0.0,24.8,0.0,0.0,11.8,0.0
Left,1,3,1000.0,5,2035.6,1861.3,11,43.6,38.2,2035.6,51.4,-54.4,3.2,13.8,54.4,14.0,13.0,26.0,-16.8,53.6,25.900000000000002,1861.3,0.7999999999999972,0.0,0.0,0.0,37.2,0.0,0.0,0.0,0.0,43.6
Left,1,4,1000.0,5,1681.0,1506.7,6,35.2,-9.8,1681.0,25.8,4.8,44.6,21.0,52.4,4.6,21.0,-10.0,21.0,24.4,0.0,1506.7,0.0,0.0,21.200000000000003,5.699999999999999,35.2,0.0,0.0,0.0,6.800000000000001,14.399999999999999
Left,1,5,1000.0,5,2385.2,2210.8999999999996,2,30.999999999999993,-30.4,2385.2,81.6,-5.4,-15.2,-49.4,35.6,51.0,20.4,17.6,-11.0,17.2,0.0,2210.8999999999996,30.999999999999993,0.0,0.0,0.0,18.400000000000002,26.8,0.0,0.0,0.0,7.199999999999999
Left,2,1,1000.0,5,1974.4,1923.8000000000002,7,27.599999999999998,-13.4,137.8,1974.4,45.6,41.4,28.8,38.0,51.8,32.8,19.6,-8.2,-22.2,0.0,0.0,1923.8000000000002,22.5,18.0,13.5,20.8,27.599999999999998,5.799999999999997,0.0,0.0,0.0
Left,2,2,1000.0,5,1804.4,1753.8000000000002,10,43.2,-10.4,125.4,1804.4,52.2,19.8,15.0,33.8,13.0,-44.2,-13.2,57.4,50.6,0.0,0.0,1753.8000000000002,29.1,0.0,0.0,16.599999999999998,0.0,0.0,0.0,43.2,40.6
Left,2,3,1000.0,5,1364.0,1313.4,3,29.699999999999996,23.6,187.2,1364.0,52.8,44.2,20.6,-17.4,-4.6,38.8,6.4,12.2,-34.6,11.3,12.899999999999977,1313.4,29.699999999999996,20.800000000000004,5.300000000000001,0.0,0.0,11.799999999999997,0.0,0.0,0.0
Left,2,4,1000.0,5,1346.6,1296.0,11,34.6,33.6,124.4,1346.6,14.0,52.0,20.2,39.0,42.6,-16.6,26.0,19.0,44.6,21.3,0.0,1296.0,0.0,28.6,4.899999999999999,21.8,18.400000000000002,0.0,0.0,4.800000000000001,34.6
Left,2,5,1000.0,5,2410.4,2359.8,10,45.0,48.6,168.8,2410.4,62.4,-42.2,24.6,24.6,31.0,-9.8,-30.0,59.2,9.2,36.3,0.0,2359.8,39.3,0.0,9.3,7.400000000000002,6.800000000000001,0.0,0.0,45.0,0.0
Left,3,1,1000.0,5,68.8,45.699999999999996,8,58.400000000000006,14.2,212.2,6.8,68.8,61.2,22.8,16.4,-33.0,85.4,24.6,4.2,-1.2,1.8999999999999986,37.89999999999998,0.0,45.699999999999996,37.800000000000004,7.5,0.0,0.0,58.400000000000006,0.0,0.0,0.0
Left,3,2,1000.0,5,65.4,42.300000000000004,0,82.10000000000001,94.4,189.6,26.0,65.4,23.6,29.6,-11.2,22.4,53.2,3.8,28.2,50.6,82.10000000000001,15.299999999999983,0.0,42.300000000000004,0.20000000000000284,14.3,0.0,0.0,26.200000000000003,0.0,14.0,40.6
Left,3,3,1000.0,5,96.6,73.5,0,71.3,83.6,213.8,87.6,96.6,-2.6,-17.0,-28.2,12.8,41.6,19.2,57.0,65.0,71.3,39.5,36.99999999999999,73.5,0.0,0.0,0.0,0.0,14.600000000000001,0.0,42.8,55.0
Left,3,4,1000.0,5,57.8,34.699999999999996,7,62.0,53.6,111.4,90.6,57.8,39.2,53.2,-5.0,86.2,23.0,48.2,27.8,16.8,41.3,0.0,39.99999999999999,34.699999999999996,15.800000000000004,37.900000000000006,0.0,62.0,0.0,14.800000000000004,13.600000000000001,6.800000000000001
Left,3,5,1000.0,5,92.2,69.1,10,61.8,67.0,187.6,49.6,92.2,29.2,26.4,23.0,29.8,34.4,50.2,76.0,45.6,54.7,13.299999999999983,0.0,69.1,5.800000000000001,11.099999999999998,5.800000000000001,5.600000000000001,7.399999999999999,16.800000000000004,61.8,35.6
Left,4,1,1000.0,5,142.2,118.79999999999998,0,35.5,47.8,160.2,40.2,-33.8,142.2,9.2,33.0,27.0,-15.4,66.4,-24.6,13.2,35.5,0.0,0.0,0.0,118.79999999999998,0.0,15.8,2.8000000000000007,0.0,33.00000000000001,0.0,3.1999999999999993
Left,4,2,1000.0,5,26.6,3.200000000000003,10,81.2,-14.6,149.4,91.6,13.0,26.6,78.0,34.0,53.6,-19.8,14.0,95.4,-20.8,0.0,0.0,40.99999999999999,0.0,3.200000000000003,62.7,16.8,29.400000000000002,0.0,0.0,81.2,0.0
Left,4,3,1000.0,5,24.0,0.6000000000000014,8,41.2,27.4,125.6,20.8,58.6,24.0,27.4,-14.2,34.6,68.2,15.0,34.8,0.6,15.099999999999998,0.0,0.0,35.5,0.6000000000000014,12.099999999999998,0.0,10.400000000000002,41.2,0.0,20.599999999999998,0.0
Left,4,4,1000.0,5,52.8,29.4,10,44.8,18.2,158.6,53.0,42.6,52.8,35.0,22.4,24.8,20.2,14.8,59.0,47.6,5.899999999999999,0.0,2.3999999999999986,19.5,29.4,19.7,5.199999999999999,0.6000000000000014,0.0,0.0,44.8,37.6
Left,4,5,1000.0,5,66.8,43.4,11,55.2,18.0,168.8,44.6,3.4,66.8,10.8,52.8,14.4,-8.8,51.2,22.2,65.2,5.699999999999999,0.0,0.0,0.0,43.4,0.0,35.599999999999994,0.0,0.0,17.800000000000004,8.0,55.2
Left,5,1,1000.0,5,-6.2,0.0,6,36.599999999999994,31.4,148.4,46.6,-3.8,22.4,-6.2,53.8,-9.2,0.8,56.2,20.0,45.4,19.099999999999998,0.0,0.0,0.0,0.0,0.0,36.599999999999994,0.0,0.0,22.800000000000004,5.800000000000001,35.4
Left,5,2,1000.0,5,4.8,0.0,4,23.0,-25.4,117.8,44.2,23.0,46.4,4.8,-1.0,2.0,19.4,30.0,-0.8,23.2,0.0,0.0,0.0,0.0,23.0,0.0,0.0,0.0,0.0,0.0,0.0,13.2
Left,5,3,1000.0,5,25.2,9.899999999999999,9,81.4,25.6,127.2,110.8,12.2,50.6,25.2,35.0,26.8,-53.8,114.8,50.2,19.4,13.3,0.0,60.199999999999996,0.0,27.200000000000003,9.899999999999999,17.8,2.6000000000000014,0.0,81.4,36.0,9.399999999999999
Left,5,4,1000.0,5,45.2,29.900000000000002,2,51.199999999999996,7.4,136.2,101.8,-34.8,46.2,45.2,-8.4,58.0,24.0,53.8,41.0,14.0,0.0,0.0,51.199999999999996,0.0,22.800000000000004,29.900000000000002,0.0,33.8,0.0,20.4,26.8,4.0
Left,5,5,1000.0,5,30.2,14.899999999999999,4,42.800000000000004,-32.0,182.0,53.4,64.6,66.2,30.2,-35.6,-21.8,3.2,61.4,39.8,-19.6,0.0,7.699999999999989,2.799999999999997,41.49999999999999,42.800000000000004,14.899999999999999,0.0,0.0,0.0,28.0,25.599999999999998,0.0
Left,6,1,1000.0,5,27.8,10.600000000000001,2,43.800000000000004,29.0,181.6,94.4,39.0,37.6,13.8,27.8,30.0,44.8,48.0,15.4,10.8,16.7,7.299999999999983,43.800000000000004,15.899999999999999,14.200000000000003,0.0,10.600000000000001,5.800000000000001,17.799999999999997,14.600000000000001,1.200000000000001,0.8000000000000007
Left,6,2,1000.0,5,39.8,22.599999999999998,5,33.5,-13.4,157.6,25.6,17.8,29.6,48.8,39.8,42.4,42.2,32.0,6.6,26.4,0.0,0.0,0.0,0.0,6.200000000000003,33.5,22.599999999999998,18.2,15.200000000000003,0.0,0.0,16.4
Left,6,3,1000.0,5,-56.2,0.0,0,63.10000000000001,75.4,144.0,39.8,39.0,39.0,48.4,-56.2,42.8,83.4,49.6,-7.6,-10.6,63.10000000000001,0.0,0.0,15.899999999999999,15.600000000000001,33.099999999999994,0.0,18.599999999999998,56.400000000000006,16.200000000000003,0.0,0.0
Left,6,4,1000.0,5,2.8,0.0,10,23.000000000000004,-23.2,145.0,36.2,16.2,9.0,4.6,2.8,44.2,46.8,47.0,37.2,19.8,0.0,0.0,0.0,0.0,0.0,0.0,0.0,20.000000000000004,19.799999999999997,13.600000000000001,23.000000000000004,9.8
Left,6,5,1000.0,5,6.6,0.0,8,40.2,-27.6,211.2,2.8,16.4,-2.6,13.8,6.6,-26.6,67.2,49.2,42.0,15.0,0.0,36.89999999999998,0.0,0.0,0.0,0.0,0.0,0.0,40.2,15.800000000000004,27.8,5.0
Left,7,1,1000.0,5,3632.6,3608.4,8,54.400000000000006,16.6,180.4,57.4,13.8,7.4,16.4,34.0,3632.6,81.4,52.6,17.4,-13.4,4.300000000000001,6.099999999999994,6.799999999999997,0.0,0.0,1.0999999999999979,16.8,3608.4,54.400000000000006,19.200000000000003,3.1999999999999993,0.0
Left,7,2,1000.0,5,1955.6,1931.3999999999999,10,17.2,-24.6,180.8,39.4,31.6,-8.4,-16.8,29.8,1955.6,26.0,-24.6,31.4,-17.2,0.0,6.5,0.0,8.5,0.0,0.0,12.600000000000001,1931.3999999999999,0.0,0.0,17.2,0.0
Left,7,3,1000.0,5,2917.8,2893.6000000000004,2,46.4,33.8,149.6,97.0,41.0,-9.0,-20.6,1.2,2917.8,23.6,-3.8,-4.4,8.4,21.499999999999996,0.0,46.4,17.9,0.0,0.0,0.0,2893.6000000000004,0.0,0.0,0.0,0.0
Left,7,4,1000.0,5,3150.8,3126.6000000000004,10,44.8,38.6,142.4,27.8,59.0,-0.4,45.2,41.0,3150.8,27.2,8.6,59.0,-9.8,26.3,0.0,0.0,35.9,0.0,29.900000000000002,23.8,3126.6000000000004,0.1999999999999993,0.0,44.8,0.0
Left,7,5,1000.0,5,3497.2,3473.0,10,35.599999999999994,4.2,178.2,68.6,13.4,18.4,-17.6,33.6,3497.2,23.6,40.8,49.8,17.6,0.0,3.8999999999999773,17.999999999999993,0.0,0.0,0.0,16.400000000000002,3473.0,0.0,7.399999999999999,35.599999999999994,7.600000000000001
Left,8,1,1000.0,5,192.8,165.8,4,78.4,57.2,157.8,46.0,8.2,101.8,2.6,46.8,63.4,192.8,67.8,1.8,66.0,44.900000000000006,0.0,0.0,0.0,78.4,0.0,29.599999999999998,39.2,165.8,34.4,0.0,56.0
Left,8,2,1000.0,5,177.6,150.6,2,81.80000000000001,78.0,218.8,132.4,64.8,58.6,-9.8,-8.8,101.6,177.6,61.8,26.0,2.6,65.7,44.5,81.80000000000001,41.699999999999996,35.2,0.0,0.0,77.39999999999999,150.6,28.4,11.8,0.0
Left,8,3,1000.0,5,69.4,42.400000000000006,6,95.2,-20.8,112.2,38.4,25.6,9.2,12.0,112.4,47.2,69.4,30.4,7.6,30.0,0.0,0.0,0.0,2.5,0.0,0.0,95.2,23.000000000000004,42.400000000000006,0.0,0.0,20.0
Left,8,4,1000.0,5,104.8,77.8,2,72.19999999999999,27.0,238.8,122.8,36.8,65.0,44.4,58.6,39.8,104.8,-7.8,11.0,9.2,14.7,64.5,72.19999999999999,13.699999999999996,41.6,29.099999999999998,41.400000000000006,15.599999999999998,77.8,0.0,0.0,0.0
Left,8,5,1000.0,5,118.2,91.2,10,38.8,46.4,175.2,52.0,-25.0,-50.0,-51.4,-26.6,11.8,118.2,37.2,53.0,30.8,34.099999999999994,0.8999999999999773,1.3999999999999986,0.0,0.0,0.0,0.0,0.0,91.2,3.8000000000000043,38.8,20.8
Left,9,1,1000.0,5,30.2,0.0,2,78.4,-14.0,120.8,129.0,-3.4,-36.8,-4.4,83.4,73.0,-64.4,30.2,51.2,15.4,0.0,0.0,78.4,0.0,0.0,0.0,66.2,48.8,0.0,0.0,37.0,5.4
Left,9,2,1000.0,5,43.6,10.200000000000003,2,75.80000000000001,-26.4,128.8,126.4,38.4,46.6,6.0,39.8,22.2,-36.4,43.6,61.4,45.2,0.0,0.0,75.80000000000001,15.299999999999997,23.200000000000003,0.0,22.599999999999998,0.0,0.0,10.200000000000003,47.2,35.2
Left,9,3,1000.0,5,43.0,9.600000000000001,0,48.3,60.6,211.0,54.2,3.6,6.8,20.8,31.4,34.2,25.0,43.0,40.8,42.2,48.3,36.69999999999999,3.6000000000000014,0.0,0.0,5.5,14.2,10.000000000000004,0.0,9.600000000000001,26.599999999999998,32.2
Left,9,4,1000.0,5,37.0,3.6000000000000014,6,45.2,20.2,185.6,76.6,20.2,22.2,37.8,62.4,42.0,21.0,37.0,19.4,45.0,7.899999999999999,11.299999999999983,25.999999999999993,0.0,0.0,22.499999999999996,45.2,17.8,0.0,3.6000000000000014,5.199999999999999,35.0
Left,9,5,1000.0,5,-0.4,0.0,5,40.3,2.8,153.8,63.6,49.0,59.4,55.6,51.8,33.0,9.0,-0.4,11.6,-30.0,0.0,0.0,13.0,25.9,36.0,40.3,34.599999999999994,8.8,0.0,0.0,0.0,0.0
Left,10,1,1000.0,5,67.0,52.8,11,65.0,55.2,198.8,70.0,17.0,-15.0,-15.0,-19.0,-4.6,25.6,51.4,67.0,75.0,42.900000000000006,24.5,19.4,0.0,0.0,0.0,0.0,0.0,0.0,18.0,52.8,65.0
Left,10,2,1000.0,5,97.0,82.8,6,51.599999999999994,28.8,145.2,36.4,36.4,47.2,59.4,68.8,48.2,39.2,28.2,97.0,33.4,16.5,0.0,0.0,13.299999999999997,23.800000000000004,44.099999999999994,51.599999999999994,24.000000000000004,12.200000000000003,0.0,82.8,23.4
Left,10,3,1000.0,5,334.2,320.0,5,67.5,-39.6,122.6,25.8,22.6,57.2,82.8,61.8,46.6,31.2,35.2,334.2,-10.2,0.0,0.0,0.0,0.0,33.800000000000004,67.5,44.599999999999994,22.400000000000002,4.199999999999999,1.8000000000000043,320.0,0.0
Left,10,4,1000.0,5,388.2,374.0,6,64.8,68.8,191.6,91.8,34.6,-5.4,55.2,82.0,19.8,64.8,10.6,388.2,67.0,56.5,17.299999999999983,41.199999999999996,11.5,0.0,39.900000000000006,64.8,0.0,37.8,0.0,374.0,57.0
Left,10,5,1000.0,5,365.2,351.0,3,57.49999999999999,44.8,164.8,23.4,80.6,26.6,28.4,-9.2,54.4,17.6,-14.0,365.2,47.4,32.5,0.0,0.0,57.49999999999999,3.200000000000003,13.099999999999998,0.0,30.2,0.0,0.0,351.0,37.4
Left,11,1,1000.0,5,55.8,45.8,2,47.199999999999996,45.8,165.8,97.8,46.4,11.8,-13.6,-7.0,29.8,71.6,26.4,42.6,55.8,33.5,0.0,47.199999999999996,23.299999999999997,0.0,0.0,0.0,5.600000000000001,44.599999999999994,0.0,28.400000000000002,45.8
Left,11,2,1000.0,5,41.4,31.4,2,69.80000000000001,33.4,185.2,120.4,64.4,48.4,-21.4,53.6,27.4,30.8,28.2,-0.6,41.4,21.099999999999998,10.899999999999977,69.80000000000001,41.300000000000004,25.0,0.0,36.400000000000006,3.1999999999999993,3.8000000000000007,0.0,0.0,31.4
Left,11,3,1000.0,5,134.6,124.6,0,62.5,74.8,227.2,83.2,19.8,19.8,14.2,3.4,17.0,29.4,33.8,12.6,134.6,62.5,52.89999999999998,32.6,0.0,0.0,0.0,0.0,0.0,2.3999999999999986,0.3999999999999986,0.0,124.6
Left,11,4,1000.0,5,127.0,117.0,5,45.3,-1.8,150.2,50.4,33.8,52.2,60.6,52.8,43.8,47.8,67.0,38.8,127.0,0.0,0.0,0.0,10.699999999999996,28.800000000000004,45.3,35.599999999999994,19.599999999999998,20.799999999999997,33.6,24.599999999999998,117.0
Left,11,5,1000.0,5,142.8,132.8,6,82.39999999999999,72.0,202.8,34.4,-15.8,57.2,14.0,99.6,91.2,44.2,19.8,-17.8,142.8,59.7,28.5,0.0,0.0,33.800000000000004,0.0,82.39999999999999,67.0,17.200000000000003,0.0,0.0,132.8
